CaseMasterID,CrimeNo,CaseNo,CrimeRegisteredDate,PoliceStationID,latitude,longitude,CrimeMajorHeadID
1,100080001202400001,202400001,2024-02-18,83,15.166834387985924,76.93109594228025,5
2,100010001202400002,202400002,2024-04-06,11,12.980662147057629,77.63779120329627,2
3,100050001202500003,202500003,2025-05-13,51,15.881759110599576,74.50961081488447,3
4,100010001202300004,202300004,2023-09-24,15,12.96937724354246,77.6433387112499,2
5,100010001202500005,202500005,2025-12-04,12,12.982322597042227,77.64225252419588,5
6,100040001202400006,202400006,2024-06-15,44,12.950217743877213,74.87288732977531,5
7,100010001202400007,202400007,2024-11-23,15,13.003162775435111,77.56684845121212,2
8,100010001202500008,202500008,2025-01-28,12,13.015306696868102,77.54493672746095,1
9,100030001202300009,202300009,2023-03-31,35,15.400096775691438,75.16486704753753,2
10,100050001202400010,202400010,2024-12-26,52,15.837857122755429,74.49131596067929,2
11,100040001202500011,202500011,2025-01-09,41,12.872412781211384,74.82404961040037,2
12,100010001202500012,202500012,2025-06-01,15,12.965655246866833,77.55549152660039,5
13,100010001202500013,202500013,2025-06-09,13,12.962070899520931,77.62776583130507,3
14,100010001202400014,202400014,2024-03-12,11,13.014147330989692,77.5678950988646,2
15,100010001202600015,202600015,2026-02-08,13,12.922579648829569,77.61239820258511,5
16,100010001202300016,202300016,2023-05-04,15,12.977982224294127,77.63140058599868,5
17,100010001202500017,202500017,2025-04-05,12,13.012611732459415,77.63696765778798,1
18,100080001202300018,202300018,2023-09-12,82,15.16939539475144,76.94484189767994,5
19,100010001202500019,202500019,2025-06-26,12,12.951263866958396,77.5961198382172,4
20,100060001202300020,202300020,2023-10-23,62,17.33497985001433,76.80828457763623,2
21,100010001202500021,202500021,2025-10-19,13,13.01010725123365,77.59389943454799,2
22,100010001202400022,202400022,2024-02-28,14,12.952170098996612,77.58536580043393,3
23,100020001202600023,202600023,2026-02-09,21,12.283551735694427,76.67281299239517,5
24,100050001202500024,202500024,2025-11-21,55,15.882121896928403,74.49229283431698,5
25,100010001202300025,202300025,2023-08-05,12,12.964997143773466,77.56436049024842,2
26,100020001202600026,202600026,2026-03-17,22,12.289132580174153,76.64920463437717,5
27,100010001202400027,202400027,2024-02-29,14,12.977269841707454,77.57801092895627,5
28,100020001202400028,202400028,2024-01-24,21,12.282353321523695,76.65643287677447,2
29,100020001202300029,202300029,2023-12-02,25,12.335302817416617,76.60707660439726,4
30,100050001202400030,202400030,2024-09-01,53,15.868194496729718,74.47351189432179,5
31,100080001202300031,202300031,2023-11-25,81,15.150556582484818,76.95341374294387,5
32,100010001202500032,202500032,2025-08-02,12,12.921693512214803,77.59301372023067,2
33,100010001202300033,202300033,2023-12-24,13,13.01214544235713,77.54784978201029,4
34,100050001202300034,202300034,2023-04-25,55,15.847134116034525,74.53845824295068,5
35,100010001202600035,202600035,2026-04-25,14,12.939772802686637,77.61531947681172,3
36,100010001202500036,202500036,2025-07-11,13,12.955392813362186,77.5719740851392,2
37,100010001202500037,202500037,2025-08-17,14,12.966810755920802,77.54514433743286,3
38,100010001202400038,202400038,2024-11-12,11,12.964317757854122,77.57961594643777,5
39,100070001202300039,202300039,2023-08-05,74,14.450768252956427,75.95327079244822,2
40,100030001202500040,202500040,2025-02-17,35,15.411331322077787,75.14383737349041,2
41,100010001202600041,202600041,2026-05-19,11,12.96861316875661,77.58297244389023,4
42,100010001202500042,202500042,2025-09-04,11,12.957509320026585,77.54997467126728,2
43,100050001202400043,202400043,2024-01-24,52,15.896222256982352,74.48237400400298,5
44,100050001202300044,202300044,2023-08-05,55,15.825323207034222,74.47696285529271,5
45,100010001202300045,202300045,2023-06-23,12,12.95855804941964,77.60847164335902,5
46,100040001202400046,202400046,2024-06-11,43,12.89938259089108,74.84131957245731,2
47,100010001202400047,202400047,2024-03-08,12,12.966796724792164,77.61097552833144,2
48,100010001202500048,202500048,2025-06-25,15,12.981652502509244,77.56583432735253,2
49,100010001202300049,202300049,2023-03-15,14,12.962874257938804,77.5699715559915,3
50,100020001202500050,202500050,2025-03-14,25,12.318055524450727,76.63714178829525,3
51,100010001202400051,202400051,2024-10-26,13,12.99129593289894,77.60371660850593,2
52,100080001202600052,202600052,2026-02-17,81,15.114971773934556,76.87999561726372,1
53,100030001202500053,202500053,2025-09-25,33,15.40595236045638,75.08226918822963,4
54,100030001202500054,202500054,2025-02-07,34,15.372177491619516,75.12957656648328,5
55,100070001202500055,202500055,2025-05-19,73,14.50360910001802,75.96072836882618,2
56,100040001202400056,202400056,2024-08-30,43,12.87207578826649,74.8248569037384,3
57,100010001202400057,202400057,2024-08-08,15,12.971866348350378,77.56090222597838,5
58,100030001202600058,202600058,2026-03-22,31,15.37992172087449,75.08889330604674,5
59,100010001202400059,202400059,2024-12-16,14,12.955875154217862,77.57125871303302,5
60,100020001202400060,202400060,2024-08-24,21,12.25944713704117,76.61555817505442,2
61,100080001202400061,202400061,2024-03-24,85,15.132023783080134,76.96635902371965,2
62,100020001202400062,202400062,2024-06-04,22,12.34083472326831,76.62364541100148,2
63,100060001202500063,202500063,2025-09-08,64,17.315636025989125,76.8287346681257,2
64,100010001202500064,202500064,2025-11-16,14,12.967578144145726,77.62262512721858,4
65,100010001202600065,202600065,2026-05-12,13,12.922439427795595,77.63956154048687,5
66,100020001202600066,202600066,2026-04-01,25,12.33951611301253,76.60347708248852,3
67,100010001202400067,202400067,2024-05-31,12,12.972901101632006,77.57506854589829,3
68,100010001202400068,202400068,2024-09-10,14,12.938672941069676,77.58848223048284,5
69,100020001202300069,202300069,2023-06-15,25,12.307250061251588,76.64947655014058,5
70,100010001202300070,202300070,2023-07-29,12,12.978712828826254,77.61297204709379,2
71,100070001202400071,202400071,2024-01-23,72,14.475031075030678,75.89236712959215,1
72,100010001202500072,202500072,2025-01-15,14,12.939096151769752,77.59050997454862,3
73,100060001202600073,202600073,2026-06-11,64,17.35860596066202,76.87543324360871,5
74,100010001202600074,202600074,2026-01-08,15,12.962375208427115,77.56913563703293,5
75,100010001202300075,202300075,2023-06-07,11,12.93989809458571,77.5625871365561,4
76,100020001202600076,202600076,2026-05-13,25,12.309640049493629,76.65529263261097,1
77,100010001202600077,202600077,2026-06-03,13,12.979113867747088,77.58723561996992,2
78,100050001202400078,202400078,2024-11-11,54,15.835048114088355,74.48804281332792,3
79,100010001202500079,202500079,2025-11-08,11,12.98305555746871,77.568873481398,5
80,100010001202400080,202400080,2024-03-03,12,13.0043856425428,77.55776021982855,2
81,100020001202600081,202600081,2026-04-22,24,12.31380650563474,76.67372268297234,3
82,100010001202500082,202500082,2025-06-07,11,12.962823187568484,77.634465139666,2
83,100060001202300083,202300083,2023-08-05,63,17.362629429468228,76.78533951234886,2
84,100010001202400084,202400084,2024-06-17,11,13.010749519045907,77.61949865324057,4
85,100060001202300085,202300085,2023-07-06,61,17.31639940646758,76.84569829229854,2
86,100030001202500086,202500086,2025-07-18,35,15.371473237135714,75.09987561813459,2
87,100010001202500087,202500087,2025-08-22,12,13.02097944423339,77.62429063473088,2
88,100010001202500088,202500088,2025-08-18,11,12.958184767368587,77.5530209076457,5
89,100010001202300089,202300089,2023-05-14,15,12.984716202454418,77.55975743638207,4
90,100010001202300090,202300090,2023-05-06,13,12.953962929131915,77.60159012102397,2
91,100010001202400091,202400091,2024-07-06,15,12.981304726431189,77.64025568480432,5
92,100010001202400092,202400092,2024-04-26,12,13.00684882002707,77.60865944537957,5
93,100020001202300093,202300093,2023-12-24,22,12.33469422021082,76.67851978841891,1
94,100020001202500094,202500094,2025-02-20,21,12.308735382192571,76.60728291392697,2
95,100050001202300095,202300095,2023-05-26,55,15.884840848957603,74.54758661007142,1
96,100070001202600096,202600096,2026-04-27,74,14.47584257559305,75.88806633930196,2
97,100010001202300097,202300097,2023-12-20,13,12.978825411795334,77.63015695214376,2
98,100010001202400098,202400098,2024-09-20,14,12.95609267203087,77.5814197358376,3
99,100010001202300099,202300099,2023-12-01,14,12.984298019001946,77.55507034225543,2
100,100010001202500100,202500100,2025-09-28,14,12.928116583730992,77.60557229440248,2
101,100060001202300101,202300101,2023-03-25,65,17.314416056388286,76.85265465518,1
102,100080001202400102,202400102,2024-07-02,83,15.184731441628928,76.92103620731767,3
103,100010001202300103,202300103,2023-11-22,13,12.99042179342037,77.62893882907169,4
104,100020001202400104,202400104,2024-02-03,21,12.302491421788837,76.6687861008259,2
105,100050001202600105,202600105,2026-04-21,53,15.823390101888378,74.45255338827931,2
106,100010001202300106,202300106,2023-03-16,15,12.94531326002126,77.55692423691937,5
107,100010001202500107,202500107,2025-12-14,11,13.019887647559832,77.60358562119995,1
108,100010001202600108,202600108,2026-07-14,15,12.934394843886654,77.62096907616593,2
109,100010001202600109,202600109,2026-05-21,14,13.01920353432698,77.59248256212976,3
110,100070001202400110,202400110,2024-03-15,72,14.512040915736304,75.87667311923252,5
111,100010001202500111,202500111,2025-07-21,12,12.93360349104437,77.61625501158612,2
112,100010001202400112,202400112,2024-07-02,15,12.95100874735416,77.61276781933668,5
113,100010001202400113,202400113,2024-06-25,14,12.991365374038644,77.56233631382138,5
114,100010001202500114,202500114,2025-08-08,14,12.994947581012967,77.58383042353498,5
115,100040001202500115,202500115,2025-01-13,41,12.899371932239236,74.8240190848916,2
116,100050001202500116,202500116,2025-03-04,51,15.859480287795677,74.53295592125174,1
117,100080001202500117,202500117,2025-06-18,85,15.176486515859924,76.87902349343295,5
118,100070001202400118,202400118,2024-02-24,71,14.418649411562589,75.89064820376268,2
119,100010001202300119,202300119,2023-09-04,15,12.978843305717811,77.56681855820344,2
120,100010001202600120,202600120,2026-02-10,14,12.940653603733956,77.56546030362136,1
121,100080001202500121,202500121,2025-10-24,85,15.16143723257513,76.90351851498095,2
122,100050001202600122,202600122,2026-06-04,54,15.801607355792248,74.53125582783663,2
123,100070001202300123,202300123,2023-10-30,72,14.447308851702337,75.92622715443937,2
124,100060001202400124,202400124,2024-03-17,63,17.358824503246698,76.79235082270694,3
125,100020001202400125,202400125,2024-08-10,22,12.27891911939115,76.64045577533753,5
126,100060001202500126,202500126,2025-11-04,65,17.360552766884947,76.7976024141702,3
127,100020001202400127,202400127,2024-11-26,21,12.3282912436728,76.642004782861,5
128,100010001202500128,202500128,2025-02-18,11,13.00584951397175,77.56249428253327,5
129,100050001202500129,202500129,2025-09-10,55,15.866984668665976,74.46237042014403,2
130,100010001202500130,202500130,2025-03-20,14,12.95703651208207,77.54781370500419,5
131,100010001202400131,202400131,2024-12-19,12,12.9733109894179,77.63362925262382,2
132,100060001202400132,202400132,2024-06-18,65,17.36051525448919,76.8568461635751,3
133,100010001202600133,202600133,2026-02-19,11,12.923613156858837,77.58678926449221,5
134,100030001202400134,202400134,2024-12-21,35,15.315276789704582,75.10297869924251,2
135,100010001202300135,202300135,2023-12-12,15,12.969739302830217,77.64343671091974,2
136,100010001202600136,202600136,2026-05-04,15,12.990231426328563,77.55387814972937,3
137,100050001202500137,202500137,2025-01-03,52,15.865700052325243,74.53312640897201,5
138,100070001202400138,202400138,2024-02-17,74,14.443050141690422,75.88503678858754,5
139,100010001202400139,202400139,2024-01-07,13,12.9710443483267,77.6145158067922,3
140,100010001202300140,202300140,2023-01-03,15,12.9578456390314,77.6146718671968,2
141,100010001202300141,202300141,2023-12-27,15,12.996159827404888,77.61869445705472,1
142,100050001202500142,202500142,2025-09-24,51,15.844996939465409,74.54318360794942,2
143,100050001202600143,202600143,2026-07-11,55,15.893296452758918,74.5218583793693,5
144,100010001202600144,202600144,2026-04-01,11,12.935747093689963,77.60062228380464,3
145,100010001202300145,202300145,2023-07-13,14,12.989593872695288,77.61900612549229,1
146,100040001202300146,202300146,2023-04-18,42,12.94435433029056,74.90069400599363,2
147,100010001202500147,202500147,2025-04-20,11,12.999372121634588,77.5466767060164,5
148,100010001202500148,202500148,2025-09-02,12,13.004924925681149,77.61835400599742,5
149,100010001202500149,202500149,2025-09-01,13,12.988456562229707,77.61304434553085,2
150,100010001202400150,202400150,2024-10-04,15,12.965718083067737,77.62943159690485,2
151,100010001202600151,202600151,2026-04-12,15,12.946554575261024,77.55942424077462,1
152,100010001202300152,202300152,2023-01-06,14,12.946390244932472,77.58802908121469,3
153,100010001202300153,202300153,2023-07-03,15,12.940805017804172,77.64274472066066,4
154,100010001202500154,202500154,2025-03-24,15,12.987036442240536,77.56785208409508,2
155,100030001202400155,202400155,2024-08-09,33,15.410729148057897,75.07616505517444,4
156,100080001202300156,202300156,2023-10-04,82,15.103438615683451,76.9458501956634,2
157,100010001202500157,202500157,2025-10-02,14,12.937970349485845,77.59934680288984,4
158,100060001202400158,202400158,2024-02-03,61,17.284688275386543,76.86853463385327,2
159,100010001202500159,202500159,2025-06-26,11,13.01951875406825,77.55214757116406,4
160,100050001202600160,202600160,2026-06-09,54,15.84127024724264,74.47146947456784,5
161,100020001202500161,202500161,2025-01-06,25,12.332795524797993,76.5974142154368,4
162,100020001202400162,202400162,2024-01-10,24,12.32163354787827,76.68912725674673,5
163,100080001202400163,202400163,2024-08-23,82,15.15157730890189,76.89778802115835,2
164,100050001202400164,202400164,2024-05-16,55,15.875084336990463,74.51544000897778,3
165,100010001202500165,202500165,2025-06-01,12,12.992707811166545,77.56874286574511,5
166,100010001202400166,202400166,2024-11-21,13,12.99117177343197,77.57745991751602,3
167,100010001202300167,202300167,2023-09-23,15,12.928803603061333,77.56894113438605,4
168,100020001202300168,202300168,2023-05-03,22,12.2943829625954,76.63688456145648,1
169,100010001202600169,202600169,2026-02-26,11,12.942454033313652,77.60854159184676,2
170,100010001202600170,202600170,2026-05-31,12,12.961843440067216,77.57712245809438,2
171,100080001202400171,202400171,2024-05-12,82,15.140552604682664,76.91635785476798,2
172,100030001202600172,202600172,2026-07-02,31,15.331695820656272,75.14890489097856,2
173,100010001202500173,202500173,2025-02-06,13,12.991480873551811,77.63333831796128,3
174,100020001202600174,202600174,2026-06-02,25,12.24791077969148,76.59974331430878,2
175,100060001202500175,202500175,2025-09-12,64,17.365202467256044,76.79724836552708,5
176,100010001202500176,202500176,2025-06-12,15,12.927293855882263,77.56870947689883,2
177,100020001202500177,202500177,2025-12-11,25,12.266257487353124,76.59387184881744,5
178,100010001202500178,202500178,2025-09-12,15,12.999480800561892,77.55384951604411,5
179,100060001202400179,202400179,2024-10-07,65,17.356089354457424,76.81312579292717,2
180,100010001202500180,202500180,2025-08-20,13,12.971712305653089,77.6385636706784,5
181,100010001202500181,202500181,2025-07-06,13,12.970430489505636,77.5942719839624,5
182,100010001202500182,202500182,2025-06-14,15,12.980284349478673,77.61523579471591,3
183,100010001202600183,202600183,2026-03-12,13,12.951607621834706,77.64023833370946,1
184,100080001202300184,202300184,2023-09-09,81,15.152962200407908,76.8894867001046,5
185,100010001202400185,202400185,2024-12-08,15,12.96165522878764,77.57014264193133,5
186,100010001202600186,202600186,2026-02-14,13,12.977653637573392,77.60295094963583,5
187,100010001202400187,202400187,2024-11-20,15,12.949414763633278,77.59798744640585,3
188,100060001202500188,202500188,2025-08-07,62,17.331443527000168,76.80657949407171,3
189,100010001202300189,202300189,2023-10-17,15,13.000633961766365,77.55341663341133,2
190,100060001202400190,202400190,2024-09-03,61,17.36104871666934,76.87831808851561,5
191,100010001202300191,202300191,2023-04-06,14,12.944789582388989,77.56331501919085,2
192,100070001202500192,202500192,2025-08-24,73,14.491602665431357,75.91713124048978,3
193,100010001202500193,202500193,2025-10-12,15,12.951435278379114,77.5608860886134,2
194,100010001202600194,202600194,2026-02-11,14,12.968307782418997,77.61512143014403,5
195,100020001202400195,202400195,2024-10-15,23,12.337244029211734,76.67316788909365,2
196,100010001202400196,202400196,2024-11-24,13,13.01359222022564,77.60719883612785,1
197,100010001202400197,202400197,2024-07-14,11,12.977581679898623,77.54624953250178,2
198,100010001202600198,202600198,2026-02-09,11,12.994128857184576,77.60859158593694,5
199,100080001202500199,202500199,2025-06-04,85,15.180251962162432,76.90103705085117,3
200,100050001202300200,202300200,2023-10-05,51,15.897512311015191,74.45046477525568,3
201,100010001202500201,202500201,2025-05-05,11,13.01645917611106,77.57506047630565,1
202,100070001202300202,202300202,2023-10-05,73,14.476223613929092,75.9697564290654,2
203,100010001202600203,202600203,2026-04-09,15,13.017962700122608,77.61072530558177,5
204,100010001202300204,202300204,2023-01-11,12,12.944445532799165,77.61876784480815,5
205,100080001202400205,202400205,2024-02-12,82,15.183921326791426,76.9386828843892,2
206,100010001202600206,202600206,2026-03-23,13,12.941306572612213,77.55656211886901,5
207,100010001202500207,202500207,2025-07-05,13,12.962380264152593,77.6434405919695,3
208,100010001202600208,202600208,2026-07-20,15,12.940830108554351,77.55760467949263,3
209,100040001202300209,202300209,2023-04-24,41,12.882708756577223,74.8953477229134,2
210,100020001202500210,202500210,2025-06-05,22,12.253538674548356,76.65714155883799,3
211,100010001202400211,202400211,2024-05-30,12,12.931590931406694,77.56869479012417,3
212,100010001202500212,202500212,2025-03-06,15,13.013582772242213,77.5463615292729,3
213,100010001202400213,202400213,2024-02-26,14,12.974992926958477,77.60856686332644,3
214,100030001202400214,202400214,2024-07-29,31,15.382846280325149,75.11204812426367,2
215,100010001202400215,202400215,2024-04-15,15,12.973711378374428,77.55245242467906,2
216,100050001202400216,202400216,2024-06-06,53,15.893398153616603,74.45580881510169,5
217,100070001202500217,202500217,2025-03-17,75,14.48833836854211,75.95942776953338,5
218,100010001202600218,202600218,2026-05-06,13,12.94023250292897,77.5867699807445,1
219,100010001202400219,202400219,2024-01-06,12,12.953729097524116,77.55718110713329,2
220,100010001202400220,202400220,2024-05-14,15,13.012859992675688,77.62340326935815,2
221,100010001202300221,202300221,2023-09-19,12,13.002743383506436,77.64384986780892,5
222,100030001202600222,202600222,2026-05-10,35,15.373910059543382,75.16413706090852,5
223,100010001202500223,202500223,2025-12-10,11,13.015965230250297,77.566508958433,5
224,100010001202300224,202300224,2023-06-12,15,12.983946012150623,77.63743957495628,5
225,100080001202300225,202300225,2023-01-25,85,15.18365599522141,76.89959054413124,1
226,100050001202400226,202400226,2024-03-10,52,15.813497372559697,74.4832044150077,2
227,100030001202500227,202500227,2025-08-14,33,15.346026768767258,75.14176944577125,4
228,100020001202400228,202400228,2024-05-30,22,12.247480769802833,76.65068591948452,5
229,100070001202300229,202300229,2023-10-15,72,14.509307580687253,75.89128564721462,2
230,100010001202400230,202400230,2024-06-22,11,12.941193863247172,77.64000992682583,3
231,100010001202300231,202300231,2023-08-31,12,13.011936903786378,77.61037418217319,3
232,100060001202500232,202500232,2025-10-17,65,17.28076496921683,76.87935034608367,4
233,100010001202500233,202500233,2025-10-11,11,12.99335940576891,77.59640614281415,2
234,100010001202400234,202400234,2024-12-02,13,12.921644904585945,77.61755911277993,5
235,100030001202400235,202400235,2024-08-17,31,15.406856971410123,75.14788962301724,3
236,100070001202400236,202400236,2024-11-05,73,14.488362290482604,75.95056696638446,5
237,100010001202400237,202400237,2024-04-08,13,12.970277019613322,77.54777019281325,3
238,100010001202300238,202300238,2023-10-31,15,13.004803866150006,77.55256835831875,2
239,100010001202300239,202300239,2023-08-28,11,12.952500138776935,77.58045169001014,2
240,100010001202600240,202600240,2026-03-29,14,12.957385080714804,77.56652823068569,2
241,100010001202500241,202500241,2025-09-16,15,12.960333179159086,77.61088564651494,5
242,100010001202600242,202600242,2026-05-04,15,12.937285104068662,77.60010362243327,2
243,100050001202500243,202500243,2025-01-10,52,15.87802984209552,74.54340571820947,1
244,100010001202500244,202500244,2025-01-11,15,12.988714767308023,77.55457464156046,5
245,100010001202300245,202300245,2023-11-11,14,13.016079435941078,77.62133633504202,2
246,100030001202500246,202500246,2025-02-10,35,15.38945695103512,75.13897816487251,1
247,100010001202300247,202300247,2023-10-28,15,13.009011159309232,77.58680216072139,2
248,100070001202400248,202400248,2024-07-09,74,14.452148504652186,75.89243916578948,3
249,100010001202300249,202300249,2023-09-02,11,13.018407393467507,77.63589531158895,5
250,100020001202600250,202600250,2026-01-06,25,12.283234073722728,76.63298659275092,5
251,100010001202400251,202400251,2024-10-31,14,12.991563286546493,77.64249301191367,2
252,100010001202300252,202300252,2023-02-26,15,13.005489452261155,77.61772564340019,2
253,100010001202600253,202600253,2026-03-24,14,12.935021350957484,77.61361040869518,3
254,100010001202300254,202300254,2023-03-17,13,12.939105259640195,77.57223104782337,5
255,100010001202400255,202400255,2024-04-26,15,12.9231551499062,77.64008008905834,2
256,100010001202500256,202500256,2025-01-18,13,13.017941514427704,77.63638233941528,5
257,100050001202300257,202300257,2023-11-25,53,15.837187408338751,74.5214790567493,2
258,100050001202500258,202500258,2025-11-25,54,15.856511467889206,74.4630558921147,2
259,100010001202300259,202300259,2023-02-08,11,12.992758699075775,77.59334024823852,2
260,100050001202500260,202500260,2025-05-22,54,15.857429539669234,74.48224493245273,2
261,100020001202600261,202600261,2026-03-01,22,12.28970732321971,76.68721293097367,2
262,100020001202300262,202300262,2023-11-15,25,12.301451329775936,76.66010458802718,3
263,100010001202400263,202400263,2024-05-17,11,12.968871676443422,77.59209806726375,2
264,100010001202600264,202600264,2026-06-06,13,13.00009313945423,77.62861920902425,3
265,100050001202400265,202400265,2024-12-15,53,15.861226057955522,74.46952466758698,2
266,100010001202300266,202300266,2023-02-06,13,12.934190318343234,77.63317269861975,3
267,100010001202300267,202300267,2023-09-25,14,12.995411871144452,77.63989255575598,2
268,100020001202600268,202600268,2026-05-24,25,12.32808817505443,76.63574321592218,5
269,100010001202400269,202400269,2024-04-28,11,12.981403810905825,77.5485777692323,1
270,100010001202300270,202300270,2023-01-24,11,12.933677486356656,77.64025449801834,2
271,100010001202600271,202600271,2026-04-11,15,13.01327218045786,77.60449475494197,2
272,100040001202400272,202400272,2024-07-10,41,12.941247707056386,74.86364750957695,5
273,100010001202400273,202400273,2024-07-25,15,12.943249663155322,77.61573289785034,2
274,100060001202300274,202300274,2023-07-26,62,17.321568663414297,76.86871264088735,5
275,100010001202300275,202300275,2023-09-23,14,12.99225614244455,77.55870979053007,5
276,100010001202600276,202600276,2026-06-29,14,12.9735224000666,77.56845476661155,2
277,100010001202500277,202500277,2025-05-18,12,12.992369182023548,77.63254196611545,3
278,100020001202500278,202500278,2025-12-10,24,12.288174284396463,76.6848451484524,5
279,100010001202400279,202400279,2024-12-11,13,12.964395963244364,77.6389656652219,2
280,100080001202600280,202600280,2026-04-28,82,15.103822807930875,76.91388850662321,3
281,100050001202500281,202500281,2025-07-03,54,15.848122122458754,74.47836949489164,2
282,100010001202300282,202300282,2023-07-18,12,12.926020223909878,77.64051695044378,2
283,100010001202500283,202500283,2025-09-14,15,12.982913717161953,77.57820581324216,1
284,100010001202400284,202400284,2024-04-03,13,13.021041476247058,77.56744167288598,3
285,100010001202400285,202400285,2024-12-24,11,12.998559355882865,77.60076812985737,1
286,100010001202400286,202400286,2024-03-31,13,12.978317573800291,77.63721827122602,5
287,100070001202300287,202300287,2023-08-15,73,14.416109696426266,75.95904621214159,2
288,100030001202500288,202500288,2025-08-22,35,15.377565522405428,75.09343328160082,5
289,100010001202500289,202500289,2025-06-08,12,12.943493071876343,77.56986129105036,2
290,100010001202500290,202500290,2025-08-27,14,12.92456871931291,77.62546329746051,2
291,100010001202300291,202300291,2023-12-14,12,12.985520438339714,77.60007135251185,2
292,100010001202600292,202600292,2026-06-24,15,12.926091636155414,77.57746005092405,2
293,100010001202600293,202600293,2026-06-10,11,12.979901062299906,77.56147340821687,5
294,100040001202400294,202400294,2024-08-18,42,12.9237905799392,74.85012594685098,3
295,100010001202300295,202300295,2023-10-01,11,13.017066505909572,77.59338980164009,2
296,100020001202500296,202500296,2025-04-02,23,12.27342437746878,76.6160837514227,5
297,100030001202300297,202300297,2023-03-13,31,15.324869083023628,75.09246674933807,5
298,100010001202500298,202500298,2025-04-14,13,12.942545877663354,77.62716207142407,3
299,100030001202600299,202600299,2026-04-05,32,15.328653848738991,75.16429441939587,5
300,100010001202300300,202300300,2023-02-28,14,12.953332614563925,77.61557245553874,5
301,100060001202500301,202500301,2025-03-06,62,17.31391142256028,76.83567606381928,5
302,100010001202300302,202300302,2023-07-31,14,12.991903344616787,77.5608163746831,2
303,100010001202500303,202500303,2025-03-04,15,12.974151501106336,77.60600009801203,2
304,100010001202300304,202300304,2023-02-04,11,12.974295463968431,77.63124346606277,5
305,100010001202600305,202600305,2026-04-19,13,12.936571894904915,77.54912591094511,3
306,100010001202500306,202500306,2025-01-14,15,13.0214445461939,77.55093264394935,1
307,100070001202500307,202500307,2025-11-09,73,14.46596508301243,75.95279585234239,1
308,100010001202500308,202500308,2025-05-17,11,13.021327598329044,77.63189005145661,1
309,100040001202400309,202400309,2024-03-22,44,12.8743433019538,74.81672383223471,2
310,100010001202400310,202400310,2024-03-18,12,12.97872124059798,77.56134674433711,5
311,100020001202300311,202300311,2023-02-17,21,12.250991874909817,76.64430107299539,2
312,100010001202400312,202400312,2024-12-18,15,12.99014564815281,77.59217839783831,2
313,100010001202300313,202300313,2023-05-09,15,12.923793730018376,77.61210256860979,2
314,100060001202500314,202500314,2025-10-02,65,17.28764791819493,76.79423508947235,1
315,100060001202600315,202600315,2026-07-19,65,17.31337597995551,76.86714004253513,4
316,100070001202300316,202300316,2023-09-02,75,14.462059230853574,75.88764042699394,5
317,100010001202400317,202400317,2024-12-13,14,12.971707492643567,77.64453513758801,3
318,100030001202500318,202500318,2025-05-16,32,15.353375421077232,75.07469101883503,2
319,100010001202400319,202400319,2024-09-19,13,12.962540015116009,77.54970957702125,4
320,100050001202600320,202600320,2026-03-27,53,15.86448883083819,74.49182269368404,2
321,100010001202400321,202400321,2024-05-05,14,12.98040299475704,77.60828624101632,4
322,100080001202500322,202500322,2025-12-08,81,15.094828727957026,76.95092845026136,5
323,100050001202500323,202500323,2025-12-29,51,15.896026801589976,74.44915785280439,5
324,100010001202400324,202400324,2024-12-15,15,13.007564294927452,77.63690026634644,5
325,100010001202500325,202500325,2025-07-20,12,12.9884112943941,77.59774840429509,5
326,100060001202500326,202500326,2025-05-03,64,17.37483628472241,76.8740145363403,2
327,100010001202400327,202400327,2024-06-27,15,12.922815298031995,77.60046697082264,2
328,100010001202600328,202600328,2026-01-01,14,12.935885871211516,77.60511779630596,2
329,100010001202300329,202300329,2023-12-05,12,12.938915117402631,77.59027554762594,2
330,100080001202300330,202300330,2023-04-01,81,15.095084446936731,76.90564812261081,4
331,100030001202400331,202400331,2024-03-31,35,15.351236131383413,75.08428961488865,1
332,100010001202500332,202500332,2025-08-06,15,12.955156005312682,77.61916962924747,2
333,100010001202300333,202300333,2023-10-11,15,12.958577909958953,77.59321353726847,2
334,100010001202300334,202300334,2023-11-03,15,12.991791689987014,77.60902547705209,1
335,100050001202400335,202400335,2024-10-19,53,15.865153797450985,74.4887715499515,4
336,100070001202300336,202300336,2023-01-09,72,14.470606668880166,75.92473789786841,3
337,100010001202400337,202400337,2024-11-21,13,12.942822937176334,77.62294730729266,5
338,100010001202500338,202500338,2025-09-21,14,13.01505988810779,77.62680809724046,2
339,100060001202400339,202400339,2024-12-29,64,17.30552578454992,76.8699466897324,5
340,100010001202500340,202500340,2025-09-01,13,12.955753660567447,77.6273720867259,3
341,100060001202500341,202500341,2025-04-13,62,17.322201704464295,76.88158279684568,2
342,100050001202500342,202500342,2025-12-03,53,15.838645697082372,74.47461127320504,5
343,100050001202400343,202400343,2024-08-30,53,15.854553817473574,74.52251744455069,2
344,100010001202400344,202400344,2024-03-16,15,12.987973817563802,77.61464502311613,2
345,100010001202400345,202400345,2024-03-05,13,12.93424990671403,77.63567036426376,5
346,100010001202300346,202300346,2023-07-25,11,12.94011032129874,77.58859871433039,1
347,100080001202500347,202500347,2025-10-29,81,15.162350640626023,76.9685148056994,2
348,100020001202300348,202300348,2023-03-24,24,12.288859113152828,76.6578899062163,3
349,100010001202300349,202300349,2023-05-01,11,12.948578270002663,77.57959737666344,1
350,100010001202600350,202600350,2026-02-14,12,13.004539393900222,77.5949239205567,5
351,100010001202300351,202300351,2023-11-29,15,12.95715438989565,77.61132688048941,5
352,100010001202300352,202300352,2023-06-05,11,13.021559762178107,77.58331884296311,5
353,100010001202300353,202300353,2023-05-17,14,12.97590747294946,77.627096185912,5
354,100070001202600354,202600354,2026-01-08,71,14.43343811931852,75.9066869413217,2
355,100010001202600355,202600355,2026-03-10,14,12.941567641903651,77.57183449923642,3
356,100010001202500356,202500356,2025-02-17,11,12.985517397039974,77.5660662059847,2
357,100010001202600357,202600357,2026-04-04,13,12.982706679716646,77.55648762623048,5
358,100020001202500358,202500358,2025-01-03,21,12.285631395486904,76.6889037623347,5
359,100060001202300359,202300359,2023-10-06,63,17.353327833437117,76.79753128990184,2
360,100020001202300360,202300360,2023-07-11,22,12.253323028536478,76.64838135846024,1
361,100010001202500361,202500361,2025-07-18,12,12.929290806378772,77.63828181960825,2
362,100060001202400362,202400362,2024-02-04,63,17.335785526771637,76.82611983831308,4
363,100020001202300363,202300363,2023-08-19,23,12.345220247148808,76.63439565709496,2
364,100060001202400364,202400364,2024-12-27,64,17.358287341984987,76.79374465186105,2
365,100010001202300365,202300365,2023-05-18,15,12.97973301166883,77.58493103264797,2
366,100070001202300366,202300366,2023-08-27,74,14.462294542330234,75.9712211172584,2
367,100010001202400367,202400367,2024-01-07,11,12.96000086602287,77.60660729657309,5
368,100010001202400368,202400368,2024-06-20,13,12.995133202022693,77.58228914542403,5
369,100010001202400369,202400369,2024-04-28,13,12.96798158840551,77.60566039318043,2
370,100010001202300370,202300370,2023-12-06,12,12.984237425719291,77.56115224741896,5
371,100020001202600371,202600371,2026-04-09,25,12.260225871558667,76.66375664054074,3
372,100060001202500372,202500372,2025-04-01,64,17.320292379917777,76.82319127780835,2
373,100020001202300373,202300373,2023-06-30,21,12.249801619922868,76.60688715517081,2
374,100010001202400374,202400374,2024-02-15,14,12.927800395007596,77.62558431674324,5
375,100010001202500375,202500375,2025-05-25,11,12.96523708366552,77.62703409443101,2
376,100010001202300376,202300376,2023-09-19,15,12.987234202017234,77.61665153480931,2
377,100080001202400377,202400377,2024-11-17,84,15.185651957669206,76.93595327289353,5
378,100010001202400378,202400378,2024-05-04,14,12.933665201733389,77.57794596116096,1
379,100010001202400379,202400379,2024-05-25,11,13.01622645016464,77.57730400309099,5
380,100010001202300380,202300380,2023-04-14,13,12.945994404581258,77.55392171085882,5
381,100050001202500381,202500381,2025-09-18,53,15.859256286134537,74.4674716089012,5
382,100010001202400382,202400382,2024-09-29,12,12.958179470892556,77.56825865853612,2
383,100010001202500383,202500383,2025-12-22,12,12.926778474899152,77.58735020190973,2
384,100030001202400384,202400384,2024-07-23,32,15.399523482841694,75.13703410757141,5
385,100010001202500385,202500385,2025-03-13,13,13.007959435639648,77.56354187987533,2
386,100030001202500386,202500386,2025-06-28,31,15.41247524025696,75.10647500898212,1
387,100010001202300387,202300387,2023-03-09,14,12.95939600014288,77.6178674259882,2
388,100010001202400388,202400388,2024-01-30,14,12.92872779493813,77.5958681662128,2
389,100040001202300389,202300389,2023-09-11,42,12.959843897440935,74.89710165854804,3
390,100010001202400390,202400390,2024-11-08,14,12.922740108720223,77.55176418178209,5
391,100010001202600391,202600391,2026-07-18,13,13.00599113438459,77.59643547944665,3
392,100010001202300392,202300392,2023-09-17,15,12.945374535606732,77.57240665811057,2
393,100010001202400393,202400393,2024-04-01,11,12.997428877793496,77.61075622454118,3
394,100020001202500394,202500394,2025-11-22,23,12.25171621559368,76.60363656545685,3
395,100010001202400395,202400395,2024-12-05,15,12.968064190150368,77.64187983249525,4
396,100010001202500396,202500396,2025-10-23,12,12.999546852616064,77.57465626803484,3
397,100010001202600397,202600397,2026-03-23,14,12.97951487939224,77.64007177911687,5
398,100030001202600398,202600398,2026-06-09,34,15.34016499610069,75.16903816646348,5
399,100040001202300399,202300399,2023-07-11,45,12.948365526240176,74.81661277570967,3
400,100010001202600400,202600400,2026-01-04,13,13.008093152322209,77.56151828943091,4
401,100020001202500401,202500401,2025-11-01,22,12.317033628797882,76.66991682445874,3
402,100010001202500402,202500402,2025-12-18,14,12.93301400702783,77.62156665545915,2
403,100010001202500403,202500403,2025-12-22,11,12.946370567643932,77.5749634917079,2
404,100020001202400404,202400404,2024-01-10,22,12.335448518766912,76.61655781045124,2
405,100010001202400405,202400405,2024-06-02,12,13.003480533157203,77.60852573990299,5
406,100070001202300406,202300406,2023-12-01,74,14.50432117627456,75.89258084534417,2
407,100080001202400407,202400407,2024-03-31,84,15.119700267924332,76.90995486705513,2
408,100020001202400408,202400408,2024-03-10,25,12.299244239322682,76.65480403461191,5
409,100010001202300409,202300409,2023-07-07,12,12.956383801332905,77.6293276484539,3
410,100020001202400410,202400410,2024-01-03,22,12.261359749185692,76.63367321575625,2
411,100010001202300411,202300411,2023-05-14,15,12.97573651039691,77.58214830149637,1
412,100050001202400412,202400412,2024-10-08,51,15.81561029111954,74.48957199995601,2
413,100010001202500413,202500413,2025-09-09,15,12.940697215686953,77.63756498931663,5
414,100080001202500414,202500414,2025-11-26,85,15.177430921644202,76.91020970113595,3
415,100010001202300415,202300415,2023-12-20,11,12.966082408439998,77.5723366114246,4
416,100010001202600416,202600416,2026-04-28,12,12.94120259097949,77.63713606182546,2
417,100020001202500417,202500417,2025-02-17,23,12.276758464581867,76.61758496086598,2
418,100010001202400418,202400418,2024-09-27,11,13.013993556265577,77.5653017866646,1
419,100080001202300419,202300419,2023-03-27,82,15.156194565912523,76.95419796493005,2
420,100010001202400420,202400420,2024-07-21,14,12.986483126740358,77.56860293231983,1
421,100060001202400421,202400421,2024-06-23,63,17.282336300801624,76.84012570020744,5
422,100010001202600422,202600422,2026-04-18,12,12.945685429757372,77.6176418709168,5
423,100030001202500423,202500423,2025-10-01,32,15.380819755160072,75.08204391401844,2
424,100030001202300424,202300424,2023-10-01,31,15.31721193780698,75.10821986596534,2
425,100020001202300425,202300425,2023-01-17,22,12.273441935071329,76.60015193435471,5
426,100010001202500426,202500426,2025-06-26,11,12.999566508533572,77.58193410822402,3
427,100010001202300427,202300427,2023-02-09,13,12.968831766557123,77.63766594362093,1
428,100020001202500428,202500428,2025-06-01,24,12.299999569703768,76.67293556640931,2
429,100060001202400429,202400429,2024-02-09,63,17.35657453917743,76.83359705658015,2
430,100010001202400430,202400430,2024-11-28,11,12.933574908376196,77.60733529094917,5
431,100020001202400431,202400431,2024-02-01,21,12.262896298586734,76.59597811995576,2
432,100050001202500432,202500432,2025-11-01,51,15.88033681622372,74.45801998480175,2
433,100010001202500433,202500433,2025-10-23,15,12.979808598922364,77.57764050834595,2
434,100020001202500434,202500434,2025-11-16,23,12.34562741994506,76.66216506214118,2
435,100010001202300435,202300435,2023-04-23,12,12.983790922080557,77.59273972156878,5
436,100010001202600436,202600436,2026-07-18,15,12.95610762304443,77.64278424783932,5
437,100010001202400437,202400437,2024-08-10,14,12.939876388792705,77.58067461916662,5
438,100020001202400438,202400438,2024-11-22,25,12.290580826106924,76.65268730822056,2
439,100010001202600439,202600439,2026-03-04,13,13.009930166501686,77.6183663871975,5
440,100070001202400440,202400440,2024-11-29,72,14.47358776165062,75.95445341161209,1
441,100010001202300441,202300441,2023-12-23,14,12.99463107736472,77.56150128139932,5
442,100050001202600442,202600442,2026-01-14,54,15.88395383980262,74.54151314697774,2
443,100010001202300443,202300443,2023-10-17,12,12.97647406662802,77.58373786921516,2
444,100010001202600444,202600444,2026-04-19,15,12.930293175911814,77.58405083741289,5
445,100010001202500445,202500445,2025-06-03,14,13.010367927210709,77.55467881252396,5
446,100030001202300446,202300446,2023-07-07,35,15.337122318641915,75.1572475172064,4
447,100010001202300447,202300447,2023-02-20,12,13.015541808737373,77.58081010259001,2
448,100050001202600448,202600448,2026-03-09,55,15.825399479380993,74.47434432848668,2
449,100010001202300449,202300449,2023-09-15,12,12.995444126770863,77.55834402428358,5
450,100010001202300450,202300450,2023-04-06,13,12.95041800508335,77.56364595125557,2
451,100010001202300451,202300451,2023-09-12,14,12.92224195701078,77.61166417923484,2
452,100020001202500452,202500452,2025-08-09,22,12.3220724054809,76.6308660012973,5
453,100010001202600453,202600453,2026-04-08,12,13.021270212236308,77.57197286537269,5
454,100060001202500454,202500454,2025-02-01,65,17.326724656058936,76.88034339616846,2
455,100010001202400455,202400455,2024-10-09,13,12.9906090043189,77.55562691975821,2
456,100020001202500456,202500456,2025-01-21,21,12.3239391499581,76.67045016589647,2
457,100010001202500457,202500457,2025-07-29,15,13.00968919949008,77.54862258212167,2
458,100030001202500458,202500458,2025-08-25,32,15.38636631822282,75.10248386521597,3
459,100010001202500459,202500459,2025-05-23,15,12.94392333822278,77.59432733487786,2
460,100010001202600460,202600460,2026-04-11,14,12.953363765899155,77.60190638866283,2
461,100010001202400461,202400461,2024-06-23,13,13.011209241898891,77.63891478042024,5
462,100080001202400462,202400462,2024-04-29,82,15.138685132488314,76.92636921837118,4
463,100010001202500463,202500463,2025-08-05,12,12.9566263727556,77.55478189163232,1
464,100060001202500464,202500464,2025-09-11,63,17.3764094881226,76.88245533788293,2
465,100010001202500465,202500465,2025-05-08,13,12.93366857105245,77.6297281438588,5
466,100010001202500466,202500466,2025-12-25,14,13.009094399450271,77.59843264480466,5
467,100040001202500467,202500467,2025-04-11,42,12.959300835551456,74.82336947587521,3
468,100010001202600468,202600468,2026-01-06,15,12.964633958839164,77.62701314208464,2
469,100010001202400469,202400469,2024-05-10,15,13.000821846568082,77.63152602452134,5
470,100010001202400470,202400470,2024-04-09,13,13.004635175264283,77.57472195403504,5
471,100010001202600471,202600471,2026-07-01,14,13.017915588510856,77.54859698196496,2
472,100060001202500472,202500472,2025-09-22,62,17.37678034491711,76.84093446668759,4
473,100010001202400473,202400473,2024-03-17,14,12.959870957939676,77.55900326412572,2
474,100030001202500474,202500474,2025-05-27,32,15.384024126312404,75.13530411524319,2
475,100010001202300475,202300475,2023-11-03,11,12.978206946228374,77.55535996529777,5
476,100010001202300476,202300476,2023-10-25,11,13.00743814796554,77.5592927367121,2
477,100010001202300477,202300477,2023-03-07,15,12.994654601465772,77.63345826830464,3
478,100010001202300478,202300478,2023-10-02,14,12.945630030995622,77.5659225336083,2
479,100020001202500479,202500479,2025-10-04,23,12.307070816043712,76.64290105506419,1
480,100020001202400480,202400480,2024-03-08,21,12.279512084048635,76.66294024053325,2
481,100010001202300481,202300481,2023-11-26,13,12.995794733521308,77.61807614811862,3
482,100050001202400482,202400482,2024-05-15,54,15.839832281471653,74.52951693519032,5
483,100010001202300483,202300483,2023-09-25,15,12.95738433862221,77.55007089008784,3
484,100010001202400484,202400484,2024-11-06,13,13.000902314468131,77.61877703792304,2
485,100010001202300485,202300485,2023-05-19,12,12.99161722754152,77.62401178486984,4
486,100050001202300486,202300486,2023-06-12,55,15.887068300398552,74.46314998760472,3
487,100010001202400487,202400487,2024-05-24,14,13.00943333145961,77.55069000237731,5
488,100020001202400488,202400488,2024-09-30,21,12.278171693991055,76.59628687314218,2
489,100010001202300489,202300489,2023-09-10,13,13.000939619589186,77.6175826498594,3
490,100010001202300490,202300490,2023-06-27,14,12.960392492998723,77.5556082297108,3
491,100060001202500491,202500491,2025-12-08,65,17.297304567879873,76.80247812264949,2
492,100060001202500492,202500492,2025-04-23,61,17.319169212735083,76.87039741527019,2
493,100010001202600493,202600493,2026-03-27,15,12.941706925071763,77.63009464578963,5
494,100010001202300494,202300494,2023-10-01,11,12.965694425530687,77.56067027780603,4
495,100010001202400495,202400495,2024-04-28,13,12.992169201742454,77.6402545603995,2
496,100010001202500496,202500496,2025-08-20,11,12.941612951217255,77.63991042618402,2
497,100070001202600497,202600497,2026-06-20,73,14.500974865098677,75.88579690479041,5
498,100010001202600498,202600498,2026-04-14,14,13.009423671276728,77.58456582581043,4
499,100010001202500499,202500499,2025-07-21,11,12.961396029978564,77.62815743995755,2
500,100010001202400500,202400500,2024-10-19,15,12.923929345703216,77.55914271524767,2
